Downloads,Revenue,Category,In_App_Purchases,Ads,Free
14025020,381499833.4,Action,TRUE,TRUE,TRUE
47626428,308761551.4,Casual,TRUE,TRUE,TRUE
59717242,306847606.8,Lifestyle,TRUE,TRUE,TRUE
9644402,269660310.2,Role Playing,TRUE,TRUE,TRUE
36942437,198454419.1,Music & Audio,TRUE,TRUE,TRUE
71314720,162300638.8,Video Players & Editors,TRUE,TRUE,TRUE
37779102,125939214,Casual,TRUE,TRUE,TRUE
60991823,118406545,Adventure,TRUE,TRUE,TRUE
33519732,111418580.8,Card,TRUE,TRUE,TRUE
32797250,109740562.6,Casual,TRUE,TRUE,TRUE
14686144,109362946.4,Card,TRUE,TRUE,TRUE
128434634,97405740.97,Sports,TRUE,TRUE,TRUE
40143901,93283348.74,Casual,TRUE,TRUE,TRUE
21359685,93021339.58,Puzzle,TRUE,TRUE,TRUE
15049613,89988699.1,Casino,TRUE,TRUE,TRUE
13590913,86784835.4,Sports,TRUE,TRUE,TRUE
11582404,82036527.19,Casino,TRUE,TRUE,TRUE
72519665,80682648.59,Action,TRUE,TRUE,TRUE
21656331,75077137.8,Sports,TRUE,TRUE,TRUE
90129352,72451153.53,Music & Audio,TRUE,TRUE,TRUE
21879473,68639024,Strategy,TRUE,TRUE,TRUE
9012161,68352804.38,Strategy,TRUE,TRUE,TRUE
30042900,66481204.09,Simulation,TRUE,TRUE,TRUE
9553617,65688598.07,Role Playing,TRUE,TRUE,TRUE
28727958,64890981.39,Racing,TRUE,TRUE,TRUE
33719743,62081881.7,Action,TRUE,TRUE,TRUE
39996076,61319714.52,Simulation,TRUE,TRUE,TRUE
30208384,60132169.53,Simulation,TRUE,TRUE,TRUE
25780031,58372375.15,Simulation,TRUE,TRUE,TRUE
9792149,57833189.91,Puzzle,TRUE,TRUE,TRUE
47441944,55301576.97,Casual,TRUE,TRUE,TRUE
8508822,52427445.44,Puzzle,TRUE,TRUE,TRUE
36368242,51555649.27,Simulation,TRUE,TRUE,TRUE
9192578,51449962.47,Role Playing,TRUE,TRUE,TRUE
17879447,51196310.59,Communication,TRUE,TRUE,TRUE
30968000,49121318.16,Communication,TRUE,TRUE,TRUE
16365540,48292237.27,Puzzle,TRUE,TRUE,TRUE
28607803,47564793.72,Social,TRUE,TRUE,TRUE
31994122,42667984.25,Sports,TRUE,TRUE,TRUE
49780955,40365158.88,Arcade,TRUE,TRUE,TRUE
13892765,35903848.33,Simulation,TRUE,TRUE,TRUE
37234633,34997439.12,Social,TRUE,TRUE,TRUE
26411506,33524652.28,Action,TRUE,TRUE,TRUE
28531532,32109343.77,Simulation,TRUE,TRUE,TRUE
13545997,31761817.19,Puzzle,TRUE,TRUE,TRUE
15373509,31230071.53,Music & Audio,TRUE,TRUE,TRUE
23259612,30220898.76,Role Playing,TRUE,TRUE,TRUE
20517596,29479058.01,Health & Fitness,TRUE,TRUE,TRUE
22514551,28176457.64,Tools,TRUE,TRUE,TRUE
7583918,28076152.41,Puzzle,TRUE,TRUE,TRUE
18872291,27092623.86,Simulation,TRUE,TRUE,TRUE
29047727,26395007.31,Music & Audio,TRUE,TRUE,TRUE
25051390,25341164.8,Sports,TRUE,TRUE,TRUE
8687492,23216598.19,Casual,TRUE,TRUE,TRUE
14102327,23177583.15,Social,TRUE,TRUE,TRUE
7492924,22419278.39,Role Playing,TRUE,TRUE,TRUE
12047920,22406399.02,Sports,TRUE,TRUE,TRUE
13565975,21871140.54,Puzzle,TRUE,TRUE,TRUE
10518787,21666195.84,Casual,TRUE,TRUE,TRUE
40686066,20782525.64,Casual,TRUE,TRUE,TRUE
51776696,20437772.38,Action,TRUE,TRUE,TRUE
74697417,20133495.89,Action,TRUE,TRUE,TRUE
46667071,19814874.71,Word,TRUE,TRUE,TRUE
11828839,19188579.96,Board,TRUE,TRUE,TRUE
10967721,19177175.95,Social,TRUE,TRUE,TRUE
11128505,18313231.97,Simulation,TRUE,TRUE,TRUE
8821188,18190059.6,Casual,TRUE,TRUE,TRUE
14605492,17537865.28,Music & Audio,TRUE,TRUE,TRUE
16451993,17342578.32,Casual,TRUE,TRUE,TRUE
22958461,17319245.93,Music & Audio,TRUE,TRUE,TRUE
29393721,17288502.22,Entertainment,TRUE,TRUE,TRUE
8141328,16300611.74,Action,TRUE,TRUE,TRUE
70005926,15652003.55,Racing,TRUE,TRUE,TRUE
11823642,15134992.28,Arcade,TRUE,TRUE,TRUE
12949858,14730125.44,Word,TRUE,TRUE,TRUE
10459664,14259434.32,Role Playing,TRUE,TRUE,TRUE
13654879,14184786.86,Role Playing,TRUE,TRUE,TRUE
10141513,13360244.47,Puzzle,TRUE,TRUE,TRUE
17328246,12536466.29,Casual,TRUE,TRUE,TRUE
17384371,12108587.67,Simulation,TRUE,TRUE,TRUE
16688937,11954790.91,Arcade,TRUE,TRUE,TRUE
22693620,11741973.25,Adventure,TRUE,TRUE,TRUE
13786839,11664468.31,Action,TRUE,TRUE,TRUE
38284089,11453849.87,Racing,TRUE,TRUE,TRUE
11124109,10994824.41,Puzzle,TRUE,TRUE,TRUE
30681309,10845224.97,Word,TRUE,TRUE,TRUE
70125858,10235456.96,Racing,TRUE,TRUE,TRUE
13351804,10223510.06,Casino,TRUE,TRUE,TRUE
21972233,9762845,Action,TRUE,TRUE,TRUE
13383471,9742245.37,Action,TRUE,TRUE,TRUE
10443975,9665816.01,Entertainment,TRUE,TRUE,TRUE
216508726,9648900.83,Arcade,TRUE,TRUE,TRUE
28285872,9520040.2,Board,TRUE,TRUE,TRUE
96057016,9120860.8,Communication,TRUE,TRUE,TRUE
8385588,8949518.79,Role Playing,TRUE,TRUE,TRUE
11872926,8836943.61,Tools,TRUE,TRUE,TRUE
19538311,8829645.92,Action,TRUE,TRUE,TRUE
7661916,8766617.03,Arcade,TRUE,TRUE,TRUE
56561328,8618788.93,Sports,TRUE,TRUE,TRUE
18166374,8459046.1,Lifestyle,TRUE,TRUE,TRUE
19336665,8079590.28,Action,TRUE,TRUE,TRUE
12144857,7765141.61,Action,TRUE,TRUE,TRUE
22408028,7460616.54,Action,TRUE,TRUE,TRUE
22067710,7321967.08,Board,TRUE,TRUE,TRUE
39233717,7187378.55,Action,TRUE,TRUE,TRUE
14735986,7176554.88,Simulation,TRUE,TRUE,TRUE
46467042,6917833.79,Sports,TRUE,TRUE,TRUE
11898410,6858505.6,Music & Audio,TRUE,TRUE,TRUE
14226645,6406061.28,Sports,TRUE,TRUE,TRUE
14773740,6393553.26,Education,TRUE,TRUE,TRUE
7294781,6266743.48,Puzzle,TRUE,TRUE,TRUE
7776084,6236573.08,Strategy,TRUE,TRUE,TRUE
23618029,5919104.73,Action,TRUE,TRUE,TRUE
25779547,5814817.15,Action,TRUE,TRUE,TRUE
10737799,5776551.83,Simulation,TRUE,TRUE,TRUE
7698209,5673470.34,Simulation,TRUE,TRUE,TRUE
12259174,5618951.57,Casual,TRUE,TRUE,TRUE
10307100,5602649.9,Simulation,TRUE,TRUE,TRUE
27887060,5473460.72,Action,TRUE,TRUE,TRUE
41105440,5412076.59,Video Players & Editors,TRUE,TRUE,TRUE
18717952,5389624.87,Action,TRUE,TRUE,TRUE
58572084,5349788.52,Social,TRUE,TRUE,TRUE
14814534,5324608.49,Casino,TRUE,TRUE,TRUE
8880077,5317831.37,Productivity,TRUE,TRUE,TRUE
26159778,5314502.18,Productivity,TRUE,TRUE,TRUE
61543939,5188521.63,Casual,TRUE,TRUE,TRUE
25967990,5104868.55,Social,TRUE,TRUE,TRUE
12231993,4896816.91,Role Playing,TRUE,TRUE,TRUE
12866071,4881145.29,Music & Audio,TRUE,TRUE,TRUE
12983693,4731623.58,Simulation,TRUE,TRUE,TRUE
12427131,4537147.34,Simulation,TRUE,TRUE,TRUE
13000257,4498882.62,Social,TRUE,TRUE,TRUE
9475210,4359383.9,Puzzle,TRUE,TRUE,TRUE
15619727,4270274.6,Simulation,TRUE,TRUE,TRUE
52055751,4223881.65,Action,TRUE,TRUE,TRUE
20193175,4214517.73,Sports,TRUE,TRUE,TRUE
13499269,4187263.04,Sports,TRUE,TRUE,TRUE
17451320,4058130.85,Sports,TRUE,TRUE,TRUE
76992003,4020431.04,Action,TRUE,TRUE,TRUE
7936697,3921553.7,Casual,TRUE,TRUE,TRUE
12151954,3793270.27,Social,TRUE,TRUE,TRUE
103192626,3744361.28,Casual,TRUE,TRUE,TRUE
24151854,3696987.25,Entertainment,TRUE,TRUE,TRUE
47669217,3615726.19,Education,TRUE,TRUE,TRUE
17191300,3588020.82,Photography,TRUE,TRUE,TRUE
9778014,3564035.93,Word,TRUE,TRUE,TRUE
28936747,3495654.17,Card,TRUE,TRUE,TRUE
7993935,3465064.25,Strategy,TRUE,TRUE,TRUE
38858463,3404061.13,Productivity,TRUE,TRUE,TRUE
19502892,3387286.49,Action,TRUE,TRUE,TRUE
14028615,3357472.32,Music & Audio,TRUE,TRUE,TRUE
25009195,3354991.92,Sports,TRUE,TRUE,TRUE
11880634,3255430.5,Simulation,TRUE,TRUE,TRUE
89532266,3252547.8,Video Players & Editors,TRUE,TRUE,TRUE
7527540,3232819.41,Health & Fitness,TRUE,TRUE,TRUE
8099027,3227584.46,Strategy,TRUE,TRUE,TRUE
24932743,3158376.18,Trivia,TRUE,TRUE,TRUE
9019130,3106373.82,Action,TRUE,TRUE,TRUE
38293608,3044683.29,Simulation,TRUE,TRUE,TRUE
51424217,3018136.06,Action,TRUE,TRUE,TRUE
10975160,2813387.87,Role Playing,TRUE,TRUE,TRUE
9721678,2634082.31,Video Players & Editors,TRUE,TRUE,TRUE
10133903,2621961.06,Simulation,TRUE,TRUE,TRUE
71803295,2621835.11,Racing,TRUE,TRUE,TRUE
8900655,2602775.54,Simulation,TRUE,TRUE,TRUE
274359831,2592387.89,Social,TRUE,TRUE,TRUE
11812691,2477852.47,Health & Fitness,TRUE,TRUE,TRUE
8024903,2416581.16,Travel & Local,TRUE,TRUE,TRUE
10168363,2364839.89,Adventure,TRUE,TRUE,TRUE
8658874,2284741.89,Racing,TRUE,TRUE,TRUE
8543229,2280239.56,Arcade,TRUE,TRUE,TRUE
9171372,2221109.77,Racing,TRUE,TRUE,TRUE
10452463,2194896.25,Action,TRUE,TRUE,TRUE
33472174,2186976.36,Casual,TRUE,TRUE,TRUE
8127843,2182968.42,Music & Audio,TRUE,TRUE,TRUE
138955815,2142361.3,Casual,TRUE,TRUE,TRUE
10347518,2139281.05,Simulation,TRUE,TRUE,TRUE
25934619,2112564.21,Action,TRUE,TRUE,TRUE
24427875,2103689.61,Puzzle,TRUE,TRUE,TRUE
9116221,2097305.89,Action,TRUE,TRUE,TRUE
11440558,2061077.83,Racing,TRUE,TRUE,TRUE
52426485,1993745.82,Puzzle,TRUE,TRUE,TRUE
7681948,1900422.26,Music & Audio,TRUE,TRUE,TRUE
37935919,1886428.99,Arcade,TRUE,TRUE,TRUE
25594855,1825887.41,Word,TRUE,TRUE,TRUE
36325522,1796182.16,Racing,TRUE,TRUE,TRUE
15577004,1747066.35,Action,TRUE,TRUE,TRUE
14289483,1740087.77,Arcade,TRUE,TRUE,TRUE
15578994,1726464.5,Action,TRUE,TRUE,TRUE
19025850,1723242.11,Role Playing,TRUE,TRUE,TRUE
8313186,1719915.34,Social,TRUE,TRUE,TRUE
20118208,1715532.99,Tools,TRUE,TRUE,TRUE
15176248,1715525.13,Photography,TRUE,TRUE,TRUE
10452192,1652367.75,Business,TRUE,TRUE,TRUE
12692343,1650016.92,Action,TRUE,TRUE,TRUE
14129696,1644961.49,Casual,TRUE,TRUE,TRUE
49378253,1611775.83,Racing,TRUE,TRUE,TRUE
9278836,1596387.24,Strategy,TRUE,TRUE,TRUE
14450568,1589327.15,Racing,TRUE,TRUE,TRUE
8040320,1569845.46,Action,TRUE,TRUE,TRUE
8167070,1562404.23,Casino,TRUE,TRUE,TRUE
11351201,1556440.1,Health & Fitness,TRUE,TRUE,TRUE
9177197,1541399.67,Business,TRUE,TRUE,TRUE
7645615,1521653.31,Lifestyle,TRUE,TRUE,TRUE
8881022,1504265.65,Photography,TRUE,TRUE,TRUE
37345845,1499973.87,Arcade,TRUE,TRUE,TRUE
11225402,1497778.46,Puzzle,TRUE,TRUE,TRUE
104881950,1486520.47,Photography,TRUE,TRUE,TRUE
13030288,1427496.98,Shopping,TRUE,TRUE,TRUE
19252475,1406118.24,Weather,TRUE,TRUE,TRUE
10049747,1388378.22,Word,TRUE,TRUE,TRUE
20496053,1375370.08,Action,TRUE,TRUE,TRUE
8603013,1345629.26,Social,TRUE,TRUE,TRUE
10701467,1315905.07,Puzzle,TRUE,TRUE,TRUE
17950323,1286810.78,Simulation,TRUE,TRUE,TRUE
10236412,1245231.5,Action,TRUE,TRUE,TRUE
10344616,1244540.61,Action,TRUE,TRUE,TRUE
108547931,1209760.14,Arcade,TRUE,TRUE,TRUE
9834812,1193771.62,Racing,TRUE,TRUE,TRUE
7283067,1180788.62,Action,TRUE,TRUE,TRUE
26140390,1165652.33,Photography,TRUE,TRUE,TRUE
7931552,1153894.59,Arcade,TRUE,TRUE,TRUE
58760837,1135836.88,Casual,TRUE,TRUE,TRUE
10915023,1126931.49,Action,TRUE,TRUE,TRUE
8694167,1115487.48,Action,TRUE,TRUE,TRUE
44759122,1107572.31,Arcade,TRUE,TRUE,TRUE
7528518,1100868.29,Action,TRUE,TRUE,TRUE
11129330,1091003.89,Weather,TRUE,TRUE,TRUE
90905071,1052620.76,Action,TRUE,TRUE,TRUE
16586521,1045837.79,Racing,TRUE,TRUE,TRUE
61383013,1033583.24,Board,TRUE,TRUE,TRUE
18153382,1009624.91,Racing,TRUE,TRUE,TRUE
25380435,997278.16,Music & Audio,TRUE,TRUE,TRUE
31870014,995278.62,Photography,TRUE,TRUE,TRUE
8720059,987235.34,Social,TRUE,TRUE,TRUE
56403391,975246.78,Arcade,TRUE,TRUE,TRUE
15363339,934607.12,Social,TRUE,TRUE,TRUE
9137105,902780.79,Puzzle,TRUE,TRUE,TRUE
35584288,888685.63,Arcade,TRUE,TRUE,TRUE
7913060,857874.64,Simulation,TRUE,TRUE,TRUE
24846673,837636.09,Sports,TRUE,TRUE,TRUE
16896850,829936.2,Entertainment,TRUE,TRUE,TRUE
18306443,821108.42,Video Players & Editors,TRUE,TRUE,TRUE
19182017,817281.43,Trivia,TRUE,TRUE,TRUE
8988037,780970.64,Adventure,TRUE,TRUE,TRUE
7484686,778505.61,Action,TRUE,TRUE,TRUE
20502531,773414.86,Sports,TRUE,TRUE,TRUE
9872888,770235.15,Sports,TRUE,TRUE,TRUE
13989275,765248.99,Casual,TRUE,TRUE,TRUE
7382318,756593.02,Racing,TRUE,TRUE,TRUE
8305136,747951.36,Sports,TRUE,TRUE,TRUE
11378423,746823.82,Dating,TRUE,TRUE,TRUE
7584738,744857.93,Word,TRUE,TRUE,TRUE
17310725,719621.26,Action,TRUE,TRUE,TRUE
56932325,706757.08,Arcade,TRUE,TRUE,TRUE
16833212,698494.68,Video Players & Editors,TRUE,TRUE,TRUE
10409330,682588.42,Productivity,TRUE,TRUE,TRUE
41775572,678300.5,Racing,TRUE,TRUE,TRUE
46324782,676003.36,Video Players & Editors,TRUE,TRUE,TRUE
9856730,674451.32,Racing,TRUE,TRUE,TRUE
11651226,668522.19,Social,TRUE,TRUE,TRUE
8012969,652627,Casual,TRUE,TRUE,TRUE
19374598,647802.88,Action,TRUE,TRUE,TRUE
7652674,644398.51,Video Players & Editors,TRUE,TRUE,TRUE
21097428,642797.88,Entertainment,TRUE,TRUE,TRUE
37540382,629361.71,Photography,TRUE,TRUE,TRUE
33535699,626212.21,Racing,TRUE,TRUE,TRUE
59574184,623969.54,Strategy,TRUE,TRUE,TRUE
60500667,623652.77,Arcade,TRUE,TRUE,TRUE
19970766,614217.78,Action,TRUE,TRUE,TRUE
8872919,611858,Social,TRUE,TRUE,TRUE
12152996,605897.84,Lifestyle,TRUE,TRUE,TRUE
9704332,602113.17,Action,TRUE,TRUE,TRUE
7573154,600091.73,Casual,TRUE,TRUE,TRUE
7386703,595499.64,Action,TRUE,TRUE,TRUE
27127642,587211.92,Entertainment,TRUE,TRUE,TRUE
21494400,576247.22,Racing,TRUE,TRUE,TRUE
11090738,574798.23,Business,TRUE,TRUE,TRUE
97469339,573700.67,Communication,TRUE,TRUE,TRUE
10742775,549646.02,Racing,TRUE,TRUE,TRUE
10092784,546782.28,Music & Audio,TRUE,TRUE,TRUE
10653886,537471.48,Racing,TRUE,TRUE,TRUE
12426292,536450.23,Racing,TRUE,TRUE,TRUE
10069193,516145.36,Puzzle,TRUE,TRUE,TRUE
10779222,512512.63,Simulation,TRUE,TRUE,TRUE
7885174,502160.09,Action,TRUE,TRUE,TRUE
14628629,498215.55,Racing,TRUE,TRUE,TRUE
9114104,495281.93,Sports,TRUE,TRUE,TRUE
8335595,490564.17,Arcade,TRUE,TRUE,TRUE
7499313,489030.66,Adventure,TRUE,TRUE,TRUE
9606083,483437.7,Music & Audio,TRUE,TRUE,TRUE
11578012,474803.61,Trivia,TRUE,TRUE,TRUE
81409590,472634.27,Casual,TRUE,TRUE,TRUE
7616612,469432.67,Casual,TRUE,TRUE,TRUE
18651949,464946.1,Arcade,TRUE,TRUE,TRUE
12655298,462564.63,Word,TRUE,TRUE,TRUE
8953481,459701.5,Racing,TRUE,TRUE,TRUE
16526308,458974.55,Puzzle,TRUE,TRUE,TRUE
15971211,457191.44,Strategy,TRUE,TRUE,TRUE
9498200,451979.76,Card,TRUE,TRUE,TRUE
45540251,451682.92,Arcade,TRUE,TRUE,TRUE
20348589,444272.36,Music & Audio,TRUE,TRUE,TRUE
8175650,433806.86,Sports,TRUE,TRUE,TRUE
13586334,432535.83,Educational,TRUE,TRUE,TRUE
7487883,425208.19,Casual,TRUE,TRUE,TRUE
9981981,419307.83,Action,TRUE,TRUE,TRUE
7476884,417991.9,Action,TRUE,TRUE,TRUE
7560497,414100.63,Action,TRUE,TRUE,TRUE
27191425,413561.68,Arcade,TRUE,TRUE,TRUE
16472351,410407.76,Sports,TRUE,TRUE,TRUE
21621408,408104.62,Arcade,TRUE,TRUE,TRUE
35474453,383387.8,Casual,TRUE,TRUE,TRUE
107699790,381667.92,Action,TRUE,TRUE,TRUE
8177600,379760.67,Communication,TRUE,TRUE,TRUE
14154875,372991.13,Casual,TRUE,TRUE,TRUE
11611132,370570.74,Sports,TRUE,TRUE,TRUE
18352241,368493.78,Racing,TRUE,TRUE,TRUE
12535121,368238.21,Action,TRUE,TRUE,TRUE
14788752,366982.9,Social,TRUE,TRUE,TRUE
88597638,365071.08,Puzzle,TRUE,TRUE,TRUE
29224095,360934.32,Puzzle,TRUE,TRUE,TRUE
7617606,358602.65,Casual,TRUE,TRUE,TRUE
8572566,352637.98,Puzzle,TRUE,TRUE,TRUE
8629964,346814.19,Education,TRUE,TRUE,TRUE
9673762,343999.18,Action,TRUE,TRUE,TRUE
8426176,335244.54,Racing,TRUE,TRUE,TRUE
12409720,331149.12,Role Playing,TRUE,TRUE,TRUE
8407325,330109.73,Word,TRUE,TRUE,TRUE
34074451,326863.45,Music,TRUE,TRUE,TRUE
9866603,325271.36,Casual,TRUE,TRUE,TRUE
15860783,322592.85,Action,TRUE,TRUE,TRUE
9554411,313354.48,Simulation,TRUE,TRUE,TRUE
13386017,309823.02,Arcade,TRUE,TRUE,TRUE
25809669,304766.34,Arcade,TRUE,TRUE,TRUE
78860494,303044.85,Arcade,TRUE,TRUE,TRUE
43572142,293951.15,Photography,TRUE,TRUE,TRUE
10704360,292330.2,Action,TRUE,TRUE,TRUE
51176145,289667.31,Casual,TRUE,TRUE,TRUE
13741071,286956.75,Action,TRUE,TRUE,TRUE
13445095,285625.39,Productivity,TRUE,TRUE,TRUE
22564895,275590.04,Sports,TRUE,TRUE,TRUE
29229188,273751.83,Action,TRUE,TRUE,TRUE
57956748,273369.53,Action,TRUE,TRUE,TRUE
7645009,272947.75,Shopping,TRUE,TRUE,TRUE
9487477,267605.93,Action,TRUE,TRUE,TRUE
20807211,267074.58,Racing,TRUE,TRUE,TRUE
24125671,262297.23,Tools,TRUE,TRUE,TRUE
39178468,251344.92,Personalization,TRUE,TRUE,TRUE
39664879,244311.86,Arcade,TRUE,TRUE,TRUE
8995005,243099.55,Role Playing,TRUE,TRUE,TRUE
18574099,239962.4,Weather,TRUE,TRUE,TRUE
27583034,238792.67,Puzzle,TRUE,TRUE,TRUE
9437252,238244.07,Casual,TRUE,TRUE,TRUE
31371190,237987.9,Arcade,TRUE,TRUE,TRUE
22624043,236061.42,Arcade,TRUE,TRUE,TRUE
20549453,230737.19,Photography,TRUE,TRUE,TRUE
25146904,230638.52,Entertainment,TRUE,TRUE,TRUE
13062184,230058.89,Weather,TRUE,TRUE,TRUE
77957002,227972.19,Arcade,TRUE,TRUE,TRUE
17835777,227506.03,Casual,TRUE,TRUE,TRUE
33271419,223258.28,Tools,TRUE,TRUE,TRUE
10826658,220703.87,Puzzle,TRUE,TRUE,TRUE
12853702,216967.57,Photography,TRUE,TRUE,TRUE
7831393,214593,Arcade,TRUE,TRUE,TRUE
21434409,211244.01,Action,TRUE,TRUE,TRUE
55618780,207669.78,Communication,TRUE,TRUE,TRUE
13592730,207495.86,Tools,TRUE,TRUE,TRUE
44552168,205891.96,Communication,TRUE,TRUE,TRUE
12268967,204237.82,Casual,TRUE,TRUE,TRUE
9501989,203183.77,Arcade,TRUE,TRUE,TRUE
17133943,198811.04,Action,TRUE,TRUE,TRUE
10529987,197274.19,Racing,TRUE,TRUE,TRUE
10521033,195502.43,Racing,TRUE,TRUE,TRUE
12637675,195358.04,Weather,TRUE,TRUE,TRUE
11455263,189822.01,Video Players & Editors,TRUE,TRUE,TRUE
11867366,188501.99,Photography,TRUE,TRUE,TRUE
7656587,183140.97,Productivity,TRUE,TRUE,TRUE
23025404,179184.78,Puzzle,TRUE,TRUE,TRUE
7941491,177950.27,Action,TRUE,TRUE,TRUE
15529650,176374.86,Puzzle,TRUE,TRUE,TRUE
14819185,166745.37,Tools,TRUE,TRUE,TRUE
24069771,166121.37,Action,TRUE,TRUE,TRUE
9652179,165523.44,Books & Reference,TRUE,TRUE,TRUE
12258764,162029.33,Puzzle,TRUE,TRUE,TRUE
10350198,161986.58,Racing,TRUE,TRUE,TRUE
21157446,154940.32,Casual,TRUE,TRUE,TRUE
11552763,148619.23,Communication,TRUE,TRUE,TRUE
15983482,147309.64,Sports,TRUE,TRUE,TRUE
8005157,145936.01,Racing,TRUE,TRUE,TRUE
9106449,144995.49,Casual,TRUE,TRUE,TRUE
10954281,142939.91,Puzzle,TRUE,TRUE,TRUE
10872984,140825.72,Arcade,TRUE,TRUE,TRUE
13987472,139626.45,Music & Audio,TRUE,TRUE,TRUE
13834785,139177.53,Racing,TRUE,TRUE,TRUE
11365116,137882.62,Action,TRUE,TRUE,TRUE
8116385,134939.54,Arcade,TRUE,TRUE,TRUE
24558017,134284.67,Action,TRUE,TRUE,TRUE
9269188,133227.64,Photography,TRUE,TRUE,TRUE
13309709,131487.81,Role Playing,TRUE,TRUE,TRUE
11265365,130993.55,Action,TRUE,TRUE,TRUE
8135593,130325.96,Racing,TRUE,TRUE,TRUE
7904988,127222.56,Casual,TRUE,TRUE,TRUE
7511787,127170.18,Casual,TRUE,TRUE,TRUE
8956577,126412.35,Sports,TRUE,TRUE,TRUE
8904310,125538.85,Arcade,TRUE,TRUE,TRUE
14405243,123025.25,Racing,TRUE,TRUE,TRUE
33333184,120507.95,Photography,TRUE,TRUE,TRUE
12420799,120026.44,Simulation,TRUE,TRUE,TRUE
20018663,119888.55,Arcade,TRUE,TRUE,TRUE
11514327,119147.37,Arcade,TRUE,TRUE,TRUE
42034818,114143.61,Arcade,TRUE,TRUE,TRUE
12026958,113311.27,Entertainment,TRUE,TRUE,TRUE
54437108,112494.49,Photography,TRUE,TRUE,TRUE
9260374,112401.04,Action,TRUE,TRUE,TRUE
10256359,112054.87,Puzzle,TRUE,TRUE,TRUE
9755257,110739.79,Trivia,TRUE,TRUE,TRUE
15457817,110736.69,Sports,TRUE,TRUE,TRUE
26411541,104314.57,Casual,TRUE,TRUE,TRUE
33759054,103622.15,Entertainment,TRUE,TRUE,TRUE
13474588,103595.35,Entertainment,TRUE,TRUE,TRUE
42037784,103364.71,Productivity,TRUE,TRUE,TRUE
16132416,102893.25,Entertainment,TRUE,TRUE,TRUE
19200773,102479.35,Arcade,TRUE,TRUE,TRUE
9340629,100784.46,Sports,TRUE,TRUE,TRUE
8025050,96668.44,Casual,TRUE,TRUE,TRUE
10271683,94102.9,Racing,TRUE,TRUE,TRUE
9019555,92694.88,Casual,TRUE,TRUE,TRUE
14553373,87944.2,Sports,TRUE,TRUE,TRUE
13541139,87876.11,Arcade,TRUE,TRUE,TRUE
8642308,87053.01,Racing,TRUE,TRUE,TRUE
19298852,85937.37,Productivity,TRUE,TRUE,TRUE
9982746,85471.26,Tools,TRUE,TRUE,TRUE
53593412,81070.63,Personalization,TRUE,TRUE,TRUE
67808788,80975.71,Photography,TRUE,TRUE,TRUE
7752389,80975.4,Casual,TRUE,TRUE,TRUE
11411630,80335.03,Sports,TRUE,TRUE,TRUE
8123895,78078.17,Casual,TRUE,TRUE,TRUE
8406894,77162.14,Simulation,TRUE,TRUE,TRUE
25018104,76607.58,Entertainment,TRUE,TRUE,TRUE
7900475,76215.37,Arcade,TRUE,TRUE,TRUE
9666310,74456.48,Puzzle,TRUE,TRUE,TRUE
22426149,73901.54,Entertainment,TRUE,TRUE,TRUE
29279457,73743.73,Books & Reference,TRUE,TRUE,TRUE
7906680,72904.94,Arcade,TRUE,TRUE,TRUE
17456618,68907.21,Racing,TRUE,TRUE,TRUE
12298884,68455.49,Simulation,TRUE,TRUE,TRUE
10422370,67760,Board,TRUE,TRUE,TRUE
19425748,67723.84,Sports,TRUE,TRUE,TRUE
47117015,67396.48,Racing,TRUE,TRUE,TRUE
18410471,65460.52,Racing,TRUE,TRUE,TRUE
47423923,64697.06,Photography,TRUE,TRUE,TRUE
101541408,64613.61,Photography,TRUE,TRUE,TRUE
16912161,64247.18,Arcade,TRUE,TRUE,TRUE
7753426,63178.26,Arcade,TRUE,TRUE,TRUE
10706949,62402.98,Casual,TRUE,TRUE,TRUE
28635264,60021.58,Racing,TRUE,TRUE,TRUE
8001852,58609.37,Puzzle,TRUE,TRUE,TRUE
10285590,58528.42,Casual,TRUE,TRUE,TRUE
14761664,57699.19,Arcade,TRUE,TRUE,TRUE
7715957,57363.71,Arcade,TRUE,TRUE,TRUE
17103260,56981.36,Role Playing,TRUE,TRUE,TRUE
8266386,56957.42,Sports,TRUE,TRUE,TRUE
10872585,56553.65,Puzzle,TRUE,TRUE,TRUE
7861572,56234.83,Arcade,TRUE,TRUE,TRUE
8117088,55898.27,Arcade,TRUE,TRUE,TRUE
11886523,54394.2,Music & Audio,TRUE,TRUE,TRUE
11490861,53100.48,Arcade,TRUE,TRUE,TRUE
8322898,53058.22,Productivity,TRUE,TRUE,TRUE
13066860,52062.86,Racing,TRUE,TRUE,TRUE
9065517,51515.85,Sports,TRUE,TRUE,TRUE
18118567,51482.48,Arcade,TRUE,TRUE,TRUE
7531093,50870.85,Action,TRUE,TRUE,TRUE
7924755,49133.22,Simulation,TRUE,TRUE,TRUE
8104392,48753.11,Racing,TRUE,TRUE,TRUE
7480150,48697.78,Books & Reference,TRUE,TRUE,TRUE
7608670,48552.11,Arcade,TRUE,TRUE,TRUE
7543004,48359.41,Adventure,TRUE,TRUE,TRUE
23010971,47808.07,Entertainment,TRUE,TRUE,TRUE
14198878,47565.15,Racing,TRUE,TRUE,TRUE
10005893,45470.38,Racing,TRUE,TRUE,TRUE
11811599,44804.17,Arcade,TRUE,TRUE,TRUE
15051055,44350.15,House & Home,TRUE,TRUE,TRUE
15810859,44069.32,Racing,TRUE,TRUE,TRUE
12641809,43719.4,Music,TRUE,TRUE,TRUE
17399342,42991.96,Sports,TRUE,TRUE,TRUE
13148263,42990.4,Photography,TRUE,TRUE,TRUE
7861113,42642.1,Puzzle,TRUE,TRUE,TRUE
18476647,42448.68,Puzzle,TRUE,TRUE,TRUE
29946356,40759.04,Racing,TRUE,TRUE,TRUE
7589546,40427.52,Adventure,TRUE,TRUE,TRUE
9536501,40088.75,Puzzle,TRUE,TRUE,TRUE
9188702,39965.93,Weather,TRUE,TRUE,TRUE
8118011,38965.96,Racing,TRUE,TRUE,TRUE
21164059,38898.1,Casual,TRUE,TRUE,TRUE
20390121,38633.84,Arcade,TRUE,TRUE,TRUE
31710101,38613.07,Tools,TRUE,TRUE,TRUE
14749289,38299.23,Music & Audio,TRUE,TRUE,TRUE
46987349,36529.28,Music,TRUE,TRUE,TRUE
9292836,36357.36,Arcade,TRUE,TRUE,TRUE
12175758,35222.64,House & Home,TRUE,TRUE,TRUE
10308096,34666.95,Strategy,TRUE,TRUE,TRUE
43667937,34407.49,Tools,TRUE,TRUE,TRUE
9347816,33489.65,Social,TRUE,TRUE,TRUE
14671510,33245.98,Tools,TRUE,TRUE,TRUE
10593900,33170.59,Photography,TRUE,TRUE,TRUE
7956687,33021.89,Adventure,TRUE,TRUE,TRUE
9217531,32377.62,Photography,TRUE,TRUE,TRUE
8343707,31982.9,Arcade,TRUE,TRUE,TRUE
19729777,31840.79,Racing,TRUE,TRUE,TRUE
8057679,31658.64,Arcade,TRUE,TRUE,TRUE
21216154,30729.63,Arcade,TRUE,TRUE,TRUE
11592458,30596.5,Action,TRUE,TRUE,TRUE
8716645,29877.2,Simulation,TRUE,TRUE,TRUE
14212457,28530.74,Racing,TRUE,TRUE,TRUE
16387867,28117.65,Music & Audio,TRUE,TRUE,TRUE
7877102,27977.4,Sports,TRUE,TRUE,TRUE
10643430,27331.3,Arcade,TRUE,TRUE,TRUE
13024352,26641.12,Racing,TRUE,TRUE,TRUE
10771227,25461.12,Health & Fitness,TRUE,TRUE,TRUE
9860811,25081.06,Arcade,TRUE,TRUE,TRUE
13149138,24518.18,Entertainment,TRUE,TRUE,TRUE
13475750,24458.02,Tools,TRUE,TRUE,TRUE
8078354,24236.22,Health & Fitness,TRUE,TRUE,TRUE
8554534,23530.23,Arcade,TRUE,TRUE,TRUE
32978201,23410.72,Simulation,TRUE,TRUE,TRUE
8352291,23086.31,Arcade,TRUE,TRUE,TRUE
15971326,22710.14,Action,TRUE,TRUE,TRUE
12932266,22364.37,Role Playing,TRUE,TRUE,TRUE
7516368,22300.55,Music,TRUE,TRUE,TRUE
10308052,22108.97,Racing,TRUE,TRUE,TRUE
10585417,21893.51,Casual,TRUE,TRUE,TRUE
8885990,21598.15,Action,TRUE,TRUE,TRUE
22265260,21376.68,Photography,TRUE,TRUE,TRUE
7845824,20820.22,Puzzle,TRUE,TRUE,TRUE
8017854,20341.96,Racing,TRUE,TRUE,TRUE
8865321,20177.09,Arcade,TRUE,TRUE,TRUE
8583559,20086.86,Music & Audio,TRUE,TRUE,TRUE
10011476,20059.68,Music & Audio,TRUE,TRUE,TRUE
8867762,19731.83,Puzzle,TRUE,TRUE,TRUE
13047127,18735.92,Puzzle,TRUE,TRUE,TRUE
10211457,18664.41,Action,TRUE,TRUE,TRUE
17614815,17967.41,Tools,TRUE,TRUE,TRUE
7527512,17931.97,Arcade,TRUE,TRUE,TRUE
8496593,17771.76,Puzzle,TRUE,TRUE,TRUE
21888445,17753.77,Action,TRUE,TRUE,TRUE
19171254,17690.94,Music & Audio,TRUE,TRUE,TRUE
70089484,17432.32,Board,TRUE,TRUE,TRUE
13499835,17220.95,Entertainment,TRUE,TRUE,TRUE
42059577,17048.71,Entertainment,TRUE,TRUE,TRUE
10144753,15967.33,Photography,TRUE,TRUE,TRUE
10991715,15883.67,Lifestyle,TRUE,TRUE,TRUE
8289304,14898.08,Entertainment,TRUE,TRUE,TRUE
8649144,14559.76,Arcade,TRUE,TRUE,TRUE
18086407,14338.02,Action,TRUE,TRUE,TRUE
9843585,14109.53,Music & Audio,TRUE,TRUE,TRUE
8593467,13480.45,Arcade,TRUE,TRUE,TRUE
9323395,13391.48,Simulation,TRUE,TRUE,TRUE
8086760,13390.36,Arcade,TRUE,TRUE,TRUE
7600743,13361.65,Photography,TRUE,TRUE,TRUE
13369706,13127.88,Photography,TRUE,TRUE,TRUE
11208006,13108.47,Video Players & Editors,TRUE,TRUE,TRUE
9534649,12707.96,Music & Audio,TRUE,TRUE,TRUE
9220196,12167.89,Puzzle,TRUE,TRUE,TRUE
18575375,11875.27,Arcade,TRUE,TRUE,TRUE
19184209,11714.07,Travel & Local,TRUE,TRUE,TRUE
7369565,11423.87,Tools,TRUE,TRUE,TRUE
7885197,10720.65,Racing,TRUE,TRUE,TRUE
14410087,10652.47,Sports,TRUE,TRUE,TRUE
10955493,10080.21,Racing,TRUE,TRUE,TRUE
7322484,9998.48,Tools,TRUE,TRUE,TRUE
7520988,9807.45,Tools,TRUE,TRUE,TRUE
20526262,9674.1,Productivity,TRUE,TRUE,TRUE
151229935,8839.08,Communication,TRUE,TRUE,TRUE
10403823,8387.06,Puzzle,TRUE,TRUE,TRUE
15665755,8251.24,Sports,TRUE,TRUE,TRUE
19604131,8158.77,Arcade,TRUE,TRUE,TRUE
14276556,7855.97,Tools,TRUE,TRUE,TRUE
8192758,7765.52,Communication,TRUE,TRUE,TRUE
7304099,7649.1,Arcade,TRUE,TRUE,TRUE
10132259,7428.08,Educational,TRUE,TRUE,TRUE
24380292,7334.72,Photography,TRUE,TRUE,TRUE
9933410,7245.94,Action,TRUE,TRUE,TRUE
10633173,7164.53,Sports,TRUE,TRUE,TRUE
13228395,7068.99,Photography,TRUE,TRUE,TRUE
11840371,6772.98,Action,TRUE,TRUE,TRUE
9697327,6765.7,Action,TRUE,TRUE,TRUE
7895280,6092.8,Puzzle,TRUE,TRUE,TRUE
49274861,6081.57,Photography,TRUE,TRUE,TRUE
26209651,5976.53,Puzzle,TRUE,TRUE,TRUE
9428153,5526.37,Arcade,TRUE,TRUE,TRUE
13648917,5249.43,Casual,TRUE,TRUE,TRUE
10852692,5084.36,Photography,TRUE,TRUE,TRUE
44031598,4986.62,Productivity,TRUE,TRUE,TRUE
7332219,4521.27,Arcade,TRUE,TRUE,TRUE
18427819,4029.02,Simulation,TRUE,TRUE,TRUE
12703928,3932.6,Simulation,TRUE,TRUE,TRUE
7366012,3862.53,Racing,TRUE,TRUE,TRUE
9123574,3770.1,Music & Audio,TRUE,TRUE,TRUE
10014406,3422.63,Adventure,TRUE,TRUE,TRUE
8014976,3323.86,Tools,TRUE,TRUE,TRUE
17252908,3209.64,Puzzle,TRUE,TRUE,TRUE
7873713,3151.43,Simulation,TRUE,TRUE,TRUE
10613549,3073.28,Photography,TRUE,TRUE,TRUE
9339133,2881.77,Personalization,TRUE,TRUE,TRUE
8981025,2845.34,Sports,TRUE,TRUE,TRUE
11714554,2566.28,Education,TRUE,TRUE,TRUE
10827189,2525.08,Action,TRUE,TRUE,TRUE
20845459,2346.36,Adventure,TRUE,TRUE,TRUE
10992348,2326.17,Tools,TRUE,TRUE,TRUE
10400601,2305.6,Arcade,TRUE,TRUE,TRUE
11947388,2295.88,Racing,TRUE,TRUE,TRUE
64961762,2268.56,Photography,TRUE,TRUE,TRUE
27171290,2242.41,Tools,TRUE,TRUE,TRUE
12357657,2076.26,Action,TRUE,TRUE,TRUE
14268141,1989.34,Action,TRUE,TRUE,TRUE
7363038,1988.79,Casual,TRUE,TRUE,TRUE
38696058,1973.42,Photography,TRUE,TRUE,TRUE
7591534,1966.58,Casual,TRUE,TRUE,TRUE
8252437,1896.62,Action,TRUE,TRUE,TRUE
10689579,1576.58,Casual,TRUE,TRUE,TRUE
24816399,1536.09,Tools,TRUE,TRUE,TRUE
8917559,1496.49,Sports,TRUE,TRUE,TRUE
27493220,1301.48,Music & Audio,TRUE,TRUE,TRUE
7348655,1217.88,Sports,TRUE,TRUE,TRUE
8281356,1081.12,Simulation,TRUE,TRUE,TRUE
8684538,1068.86,Sports,TRUE,TRUE,TRUE
7504646,1012.62,Action,TRUE,TRUE,TRUE
15624267,915.85,Photography,TRUE,TRUE,TRUE
14487698,908.91,Puzzle,TRUE,TRUE,TRUE
8025879,785.84,Photography,TRUE,TRUE,TRUE
10481640,781.42,Arcade,TRUE,TRUE,TRUE
14537413,749.73,Casual,TRUE,TRUE,TRUE
10986050,636.33,Tools,TRUE,TRUE,TRUE
7349748,514.13,Racing,TRUE,TRUE,TRUE
56921989,509.65,Personalization,TRUE,TRUE,TRUE
9661891,474.55,Board,TRUE,TRUE,TRUE
8264462,400.22,Personalization,TRUE,TRUE,TRUE
10134084,397.98,Shopping,TRUE,TRUE,TRUE
8215875,379.75,Simulation,TRUE,TRUE,TRUE
20098686,353.12,Photography,TRUE,TRUE,TRUE
17761766,136.32,Tools,TRUE,TRUE,TRUE
10828144,120.47,Tools,TRUE,TRUE,TRUE
9455997,102.11,Entertainment,TRUE,TRUE,TRUE
11760699,51.81,Maps & Navigation,TRUE,TRUE,TRUE
46964577,0,Productivity,TRUE,TRUE,TRUE
46091318,0,Personalization,TRUE,TRUE,TRUE
25823916,0,Board,TRUE,TRUE,TRUE
21115515,0,Tools,TRUE,TRUE,TRUE
11698620,0,Board,TRUE,TRUE,TRUE
11552066,0,Puzzle,TRUE,TRUE,TRUE
11064219,0,Board,TRUE,TRUE,TRUE
10889746,0,Music & Audio,TRUE,TRUE,TRUE
10538944,0,Adventure,TRUE,TRUE,TRUE
10404921,0,Sports,TRUE,TRUE,TRUE
10136993,0,Food & Drink,TRUE,TRUE,TRUE
10012022,0,Tools,TRUE,TRUE,TRUE
9772764,0,Health & Fitness,TRUE,TRUE,TRUE
9624200,0,Music & Audio,TRUE,TRUE,TRUE
8850677,0,Health & Fitness,TRUE,TRUE,TRUE
8813175,0,Personalization,TRUE,TRUE,TRUE
8646595,0,Music & Audio,TRUE,TRUE,TRUE
8494422,0,Casual,TRUE,TRUE,TRUE
8284775,0,Productivity,TRUE,TRUE,TRUE
7967635,0,Simulation,TRUE,TRUE,TRUE
7326234,0,Simulation,TRUE,TRUE,TRUE
7281799,0,Video Players & Editors,TRUE,TRUE,TRUE
72846531,90989322.87,Social Networking,TRUE,TRUE,TRUE
15035069,84500959.51,Games,TRUE,TRUE,TRUE
11194755,81070490.34,Social Networking,TRUE,TRUE,TRUE
20722606,63571044.72,Games,TRUE,TRUE,TRUE
55048070,46608372.92,Entertainment,TRUE,TRUE,TRUE
32764177,28686943.86,Entertainment,TRUE,TRUE,TRUE
13416085,27286672.49,Games,TRUE,TRUE,TRUE
36461095,25971944.99,Music,TRUE,TRUE,TRUE
14686632,22697199.73,Books,TRUE,TRUE,TRUE
9503394,20327075.77,Games,TRUE,TRUE,TRUE
31033206,19337343.61,Productivity,TRUE,TRUE,TRUE
38934790,14175263.34,Music,TRUE,TRUE,TRUE
13010321,12635400.11,Social Networking,TRUE,TRUE,TRUE
16109055,10093824.68,Entertainment,TRUE,TRUE,TRUE
9514687,9556042.41,Social Networking,TRUE,TRUE,TRUE
12443656,7127594.52,Entertainment,TRUE,TRUE,TRUE
10302400,5621657.02,Entertainment,TRUE,TRUE,TRUE
7866896,4417806.14,Entertainment,TRUE,TRUE,TRUE
10600287,3673548.62,Productivity,TRUE,TRUE,TRUE
10717485,3179231.36,Photo & Video,TRUE,TRUE,TRUE
14940106,3148449.45,Photo & Video,TRUE,TRUE,TRUE
12075552,2622804.44,Photo & Video,TRUE,TRUE,TRUE
9676577,2312411.93,Music,TRUE,TRUE,TRUE
10400602,2162158.31,Entertainment,TRUE,TRUE,TRUE
7821951,1960419.27,Business,TRUE,TRUE,TRUE
8068176,1818038.03,Entertainment,TRUE,TRUE,TRUE
8351059,1799477.05,Entertainment,TRUE,TRUE,TRUE
9625623,1419707.69,Social Networking,TRUE,TRUE,TRUE
8449812,1292872.2,Productivity,TRUE,TRUE,TRUE
10048218,1253061.34,Entertainment,TRUE,TRUE,TRUE
8925925,695738.33,Education,TRUE,TRUE,TRUE
8900854,438794.55,Utilities,TRUE,TRUE,TRUE
19711367,349718.89,Business,TRUE,TRUE,TRUE
20068089,75569.66,Lifestyle,TRUE,TRUE,TRUE
7692688,57025.93,Photo & Video,TRUE,TRUE,TRUE
12526792,49543.9,Social Networking,TRUE,TRUE,TRUE
10253304,26643.72,Education,TRUE,TRUE,TRUE
7904504,18536.21,Utilities,TRUE,TRUE,TRUE
9339903,10417.31,Photo & Video,TRUE,TRUE,TRUE
11193094,3372.14,Health & Fitness,TRUE,TRUE,TRUE
8772478,0,Entertainment,TRUE,TRUE,TRUE
7570297,0,Food & Drink,TRUE,TRUE,TRUE
7354063,0,Entertainment,TRUE,TRUE,TRUE
132844295,673559532.4,Strategy,TRUE,FALSE,TRUE
124568274,593016137.4,Casual,TRUE,FALSE,TRUE
12563104,583125932,Role Playing,TRUE,FALSE,TRUE
107862227,526973355.3,Strategy,TRUE,FALSE,TRUE
15927169,418960545.1,Strategy,TRUE,FALSE,TRUE
79952699,413127626.3,Adventure,TRUE,FALSE,TRUE
28617863,389580895.2,Strategy,TRUE,FALSE,TRUE
147455902,336885572.2,Entertainment,TRUE,FALSE,TRUE
51228698,317857475.3,Casual,TRUE,FALSE,TRUE
18227669,276986963.1,Strategy,TRUE,FALSE,TRUE
49259155,257397077.3,Strategy,TRUE,FALSE,TRUE
9862794,220515685.3,Casino,TRUE,FALSE,TRUE
8825058,215466239.8,Puzzle,TRUE,FALSE,TRUE
16659104,205695099.2,Strategy,TRUE,FALSE,TRUE
25375880,181703458.8,Action,TRUE,FALSE,TRUE
17443378,180168802.7,Role Playing,TRUE,FALSE,TRUE
12526935,173627915.2,Simulation,TRUE,FALSE,TRUE
11961600,126353379.6,Role Playing,TRUE,FALSE,TRUE
47383006,121179991.2,Puzzle,TRUE,FALSE,TRUE
23568960,116361764.8,Strategy,TRUE,FALSE,TRUE
49170207,106350672.5,Productivity,TRUE,FALSE,TRUE
28655068,97328515.85,Strategy,TRUE,FALSE,TRUE
52435144,76454514.91,Puzzle,TRUE,FALSE,TRUE
7434706,73256962.38,Strategy,TRUE,FALSE,TRUE
31366142,71121209.83,Casual,TRUE,FALSE,TRUE
19085418,66955434.4,Puzzle,TRUE,FALSE,TRUE
13861998,58582078.49,Card,TRUE,FALSE,TRUE
15722474,57745760.79,Role Playing,TRUE,FALSE,TRUE
15196386,56812611.4,Strategy,TRUE,FALSE,TRUE
69153655,53350856.39,Social,TRUE,FALSE,TRUE
14616285,51835475.16,Strategy,TRUE,FALSE,TRUE
14645950,51004869.24,Adventure,TRUE,FALSE,TRUE
10345874,46948663.42,Role Playing,TRUE,FALSE,TRUE
73086898,46239932.23,Sports,TRUE,FALSE,TRUE
16119255,39425854.17,Casual,TRUE,FALSE,TRUE
9896123,34902790.95,Strategy,TRUE,FALSE,TRUE
8004138,33313087.69,Lifestyle,TRUE,FALSE,TRUE
43883243,32752267.73,Action,TRUE,FALSE,TRUE
17121697,32494731.87,Action,TRUE,FALSE,TRUE
15357904,29481672.98,Casual,TRUE,FALSE,TRUE
33643665,29052778.5,Racing,TRUE,FALSE,TRUE
39706738,26531453.33,Productivity,TRUE,FALSE,TRUE
8327497,25686426.91,Entertainment,TRUE,FALSE,TRUE
7647277,25375243.03,Health & Fitness,TRUE,FALSE,TRUE
10716329,23868535.84,Strategy,TRUE,FALSE,TRUE
43980162,21915642.72,Racing,TRUE,FALSE,TRUE
121821043,21882212.78,Action,TRUE,FALSE,TRUE
13134407,20431862.33,Education,TRUE,FALSE,TRUE
7581660,20402601.75,Casual,TRUE,FALSE,TRUE
27294733,20400946.27,Books & Reference,TRUE,FALSE,TRUE
8838346,20340219.53,Health & Fitness,TRUE,FALSE,TRUE
8145504,17319369.85,Action,TRUE,FALSE,TRUE
8389139,15262550.26,Casual,TRUE,FALSE,TRUE
9096171,14882653.5,Casual,TRUE,FALSE,TRUE
14704356,14580621.9,Puzzle,TRUE,FALSE,TRUE
93764875,13525131.94,Social,TRUE,FALSE,TRUE
12379086,13076366.66,Simulation,TRUE,FALSE,TRUE
13820513,12830037.46,Entertainment,TRUE,FALSE,TRUE
8086732,12642457.11,Role Playing,TRUE,FALSE,TRUE
35092836,12449993.16,Photography,TRUE,FALSE,TRUE
7939942,11526399.51,Health & Fitness,TRUE,FALSE,TRUE
14111151,11377260.63,Action,TRUE,FALSE,TRUE
10436879,10973709.23,Health & Fitness,TRUE,FALSE,TRUE
21388527,10765688.61,Simulation,TRUE,FALSE,TRUE
9636908,10759196.11,Casual,TRUE,FALSE,TRUE
7723670,9658774.84,Health & Fitness,TRUE,FALSE,TRUE
10039333,9470729.83,Productivity,TRUE,FALSE,TRUE
70951032,9330636.21,Productivity,TRUE,FALSE,TRUE
9445010,8455196.02,Entertainment,TRUE,FALSE,TRUE
12106440,8059313.67,Strategy,TRUE,FALSE,TRUE
8007773,7503526.3,Health & Fitness,TRUE,FALSE,TRUE
20645428,6999867.78,Productivity,TRUE,FALSE,TRUE
16457542,6724966.89,Lifestyle,TRUE,FALSE,TRUE
23456705,6280387.56,Adventure,TRUE,FALSE,TRUE
9728845,6125716.38,Strategy,TRUE,FALSE,TRUE
7498097,5929835.43,Books & Reference,TRUE,FALSE,TRUE
12133177,5616044.35,Strategy,TRUE,FALSE,TRUE
15629507,5227062.4,Action,TRUE,FALSE,TRUE
11817332,5069835.49,Education,TRUE,FALSE,TRUE
11410645,4944206.33,Action,TRUE,FALSE,TRUE
11003075,4192060.11,Social,TRUE,FALSE,TRUE
42340078,4181153.99,Productivity,TRUE,FALSE,TRUE
9909486,4163783.64,Music & Audio,TRUE,FALSE,TRUE
17756317,3616836.17,Adventure,TRUE,FALSE,TRUE
11698597,3578340.27,Action,TRUE,FALSE,TRUE
8597032,3384188.16,Strategy,TRUE,FALSE,TRUE
63040706,3353648.35,Productivity,TRUE,FALSE,TRUE
20632048,3203444.34,Shopping,TRUE,FALSE,TRUE
7404126,3130367.95,Social,TRUE,FALSE,TRUE
12513631,3035585.83,Maps & Navigation,TRUE,FALSE,TRUE
8952235,2814314.68,Action,TRUE,FALSE,TRUE
15419348,2775251.75,Sports,TRUE,FALSE,TRUE
8815286,2583768.7,Racing,TRUE,FALSE,TRUE
15110223,2550409.8,Tools,TRUE,FALSE,TRUE
20490063,2171302.58,Entertainment,TRUE,FALSE,TRUE
8374163,2102075.04,Photography,TRUE,FALSE,TRUE
30255844,1701829.58,Productivity,TRUE,FALSE,TRUE
31056574,1577946.43,Action,TRUE,FALSE,TRUE
40232012,1373023.13,Shopping,TRUE,FALSE,TRUE
7443411,1310576.83,Music,TRUE,FALSE,TRUE
33680346,1241390.6,Productivity,TRUE,FALSE,TRUE
7336680,1191396.64,Card,TRUE,FALSE,TRUE
9586434,891461.36,Social,TRUE,FALSE,TRUE
20307864,847428.32,Tools,TRUE,FALSE,TRUE
13771837,769477.65,Simulation,TRUE,FALSE,TRUE
15531201,754286.66,Social,TRUE,FALSE,TRUE
29284872,685133.8,Productivity,TRUE,FALSE,TRUE
111561644,633260.06,Communication,TRUE,FALSE,TRUE
30474489,597794.09,Arcade,TRUE,FALSE,TRUE
7828078,383602.17,Entertainment,TRUE,FALSE,TRUE
7509718,363705.39,Action,TRUE,FALSE,TRUE
26238306,355010.25,Action,TRUE,FALSE,TRUE
35397911,354534.98,Arcade,TRUE,FALSE,TRUE
7993538,302443.5,Arcade,TRUE,FALSE,TRUE
13001503,215095.33,Tools,TRUE,FALSE,TRUE
7461705,213037.11,Social,TRUE,FALSE,TRUE
8458158,180792.51,Arcade,TRUE,FALSE,TRUE
15975549,173245.66,Photography,TRUE,FALSE,TRUE
9446801,128500.45,Adventure,TRUE,FALSE,TRUE
11678500,128470.55,Strategy,TRUE,FALSE,TRUE
10446265,127879.43,Action,TRUE,FALSE,TRUE
9141178,111079.79,Entertainment,TRUE,FALSE,TRUE
10164534,109147.32,Tools,TRUE,FALSE,TRUE
11105903,105476.77,Productivity,TRUE,FALSE,TRUE
7355962,39782.11,Photography,TRUE,FALSE,TRUE
14247270,27853.59,Health & Fitness,TRUE,FALSE,TRUE
9009938,10636.03,Communication,TRUE,FALSE,TRUE
9298331,3095.1,Action,TRUE,FALSE,TRUE
39626887,2242.86,Photography,TRUE,FALSE,TRUE
137979331,1895.31,Entertainment,TRUE,FALSE,TRUE
8403090,1264.18,Communication,TRUE,FALSE,TRUE
8772013,9.48,Education,TRUE,FALSE,TRUE
8144335,9.17,Entertainment,TRUE,FALSE,TRUE
32981039,0,Communication,TRUE,FALSE,TRUE
18340584,0,Casual,TRUE,FALSE,TRUE
15850071,0,Video Players & Editors,TRUE,FALSE,TRUE
14274346,0,Action,TRUE,FALSE,TRUE
11307141,0,Social,TRUE,FALSE,TRUE
7715874,144.95,News,TRUE,FALSE,FALSE
193644369,89524007.62,Entertainment,FALSE,TRUE,TRUE
154024472,88784416.81,Music & Audio,FALSE,TRUE,TRUE
11135010,81589259.99,Board,FALSE,TRUE,TRUE
18808376,56062267.68,Entertainment,FALSE,TRUE,TRUE
31200767,41078771.14,Social,FALSE,TRUE,TRUE
65089652,27120853.92,Music & Audio,FALSE,TRUE,TRUE
86064787,23954760.97,Communication,FALSE,TRUE,TRUE
25321806,15323863.34,Music & Audio,FALSE,TRUE,TRUE
32442147,11822097.22,Social,FALSE,TRUE,TRUE
269873697,4919016.28,Communication,FALSE,TRUE,TRUE
54661279,4595263.2,Arcade,FALSE,TRUE,TRUE
37919355,2164668.37,Music & Audio,FALSE,TRUE,TRUE
47604137,1761385.15,Arcade,FALSE,TRUE,TRUE
13143378,1536487.08,Entertainment,FALSE,TRUE,TRUE
132790389,1290982.55,Entertainment,FALSE,TRUE,TRUE
7417074,995967.53,Shopping,FALSE,TRUE,TRUE
7560084,590437.7,Music & Audio,FALSE,TRUE,TRUE
20602357,503244.81,Puzzle,FALSE,TRUE,TRUE
81254177,485816.03,Photography,FALSE,TRUE,TRUE
7826543,344417.56,Casual,FALSE,TRUE,TRUE
74085431,339537.55,Music & Audio,FALSE,TRUE,TRUE
7555274,330939.43,Entertainment,FALSE,TRUE,TRUE
23548181,204507.27,Music & Audio,FALSE,TRUE,TRUE
35301017,149587.11,Tools,FALSE,TRUE,TRUE
24874357,56513.48,Health & Fitness,FALSE,TRUE,TRUE
8259053,52659.82,Social,FALSE,TRUE,TRUE
15864363,37207.21,Travel & Local,FALSE,TRUE,TRUE
7900113,36001.18,Racing,FALSE,TRUE,TRUE
9327634,29871.43,Social,FALSE,TRUE,TRUE
8867738,25632.32,Music & Audio,FALSE,TRUE,TRUE
12251427,25562.42,Photography,FALSE,TRUE,TRUE
11303161,25026.04,Arcade,FALSE,TRUE,TRUE
118829578,21294.93,News & Magazines,FALSE,TRUE,TRUE
10970065,20036.68,Sports,FALSE,TRUE,TRUE
12335583,19991.91,Music & Audio,FALSE,TRUE,TRUE
13944322,19012.81,Entertainment,FALSE,TRUE,TRUE
42973664,18446.44,Entertainment,FALSE,TRUE,TRUE
24809648,17543.71,Photography,FALSE,TRUE,TRUE
31468108,10566.46,Music & Audio,FALSE,TRUE,TRUE
38975000,10437,Photography,FALSE,TRUE,TRUE
8413216,8595.91,Casual,FALSE,TRUE,TRUE
11079047,7218.15,Communication,FALSE,TRUE,TRUE
7622747,6500.1,Communication,FALSE,TRUE,TRUE
31287232,5697.4,Tools,FALSE,TRUE,TRUE
10731518,5264.36,Tools,FALSE,TRUE,TRUE
8552488,2765.64,Educational,FALSE,TRUE,TRUE
12907696,2653.4,Travel & Local,FALSE,TRUE,TRUE
7846582,1443.52,News & Magazines,FALSE,TRUE,TRUE
10100081,1172.31,Casual,FALSE,TRUE,TRUE
122980497,970.42,Photography,FALSE,TRUE,TRUE
19144962,518.51,Productivity,FALSE,TRUE,TRUE
7638894,424.71,Educational,FALSE,TRUE,TRUE
24523262,217.58,Sports,FALSE,TRUE,TRUE
7912177,84.22,Action,FALSE,TRUE,TRUE
15738047,36.6,Photography,FALSE,TRUE,TRUE
750298558,15.37,Social,FALSE,TRUE,TRUE
10541278,15.16,Personalization,FALSE,TRUE,TRUE
24010451,4.8,Photography,FALSE,TRUE,TRUE
467443697,0,Social,FALSE,TRUE,TRUE
278450963,0,Tools,FALSE,TRUE,TRUE
128056603,0,Shopping,FALSE,TRUE,TRUE
127135183,0,Tools,FALSE,TRUE,TRUE
122965619,0,Social,FALSE,TRUE,TRUE
112349794,0,Video Players & Editors,FALSE,TRUE,TRUE
98186153,0,Travel & Local,FALSE,TRUE,TRUE
89866942,0,Productivity,FALSE,TRUE,TRUE
89557739,0,Maps & Navigation,FALSE,TRUE,TRUE
80759539,0,Communication,FALSE,TRUE,TRUE
76984894,0,Communication,FALSE,TRUE,TRUE
75182157,0,Personalization,FALSE,TRUE,TRUE
72782263,0,News & Magazines,FALSE,TRUE,TRUE
72321460,0,Shopping,FALSE,TRUE,TRUE
67864058,0,Productivity,FALSE,TRUE,TRUE
57929894,0,Tools,FALSE,TRUE,TRUE
56412480,0,Tools,FALSE,TRUE,TRUE
46222019,0,Tools,FALSE,TRUE,TRUE
45821325,0,Photography,FALSE,TRUE,TRUE
42791467,0,Tools,FALSE,TRUE,TRUE
41293451,0,Puzzle,FALSE,TRUE,TRUE
41166842,0,Shopping,FALSE,TRUE,TRUE
40297110,0,Arcade,FALSE,TRUE,TRUE
39548396,0,Communication,FALSE,TRUE,TRUE
39451651,0,Shopping,FALSE,TRUE,TRUE
39061686,0,Action,FALSE,TRUE,TRUE
36559701,0,Card,FALSE,TRUE,TRUE
36265336,0,Personalization,FALSE,TRUE,TRUE
35944258,0,Tools,FALSE,TRUE,TRUE
35153646,0,Shopping,FALSE,TRUE,TRUE
34623734,0,Tools,FALSE,TRUE,TRUE
34414127,0,Tools,FALSE,TRUE,TRUE
33265573,0,Music & Audio,FALSE,TRUE,TRUE
32539675,0,Entertainment,FALSE,TRUE,TRUE
32006296,0,Social,FALSE,TRUE,TRUE
30672263,0,Arcade,FALSE,TRUE,TRUE
28412993,0,Music & Audio,FALSE,TRUE,TRUE
27890176,0,Books & Reference,FALSE,TRUE,TRUE
27744227,0,Video Players & Editors,FALSE,TRUE,TRUE
27711053,0,Casual,FALSE,TRUE,TRUE
27698060,0,Video Players & Editors,FALSE,TRUE,TRUE
27267695,0,Photography,FALSE,TRUE,TRUE
26763889,0,Shopping,FALSE,TRUE,TRUE
26540182,0,Casual,FALSE,TRUE,TRUE
26384932,0,Entertainment,FALSE,TRUE,TRUE
26282663,0,Entertainment,FALSE,TRUE,TRUE
24525449,0,Music & Audio,FALSE,TRUE,TRUE
24307911,0,Music & Audio,FALSE,TRUE,TRUE
24294825,0,News & Magazines,FALSE,TRUE,TRUE
23717952,0,Photography,FALSE,TRUE,TRUE
23472405,0,Music & Audio,FALSE,TRUE,TRUE
23379055,0,Tools,FALSE,TRUE,TRUE
23112613,0,Business,FALSE,TRUE,TRUE
22784447,0,Tools,FALSE,TRUE,TRUE
22750964,0,Photography,FALSE,TRUE,TRUE
22504601,0,Productivity,FALSE,TRUE,TRUE
22461325,0,Tools,FALSE,TRUE,TRUE
22338359,0,Simulation,FALSE,TRUE,TRUE
21863545,0,Tools,FALSE,TRUE,TRUE
21003692,0,Photography,FALSE,TRUE,TRUE
20976514,0,Simulation,FALSE,TRUE,TRUE
20848283,0,Photography,FALSE,TRUE,TRUE
20419634,0,Shopping,FALSE,TRUE,TRUE
20359312,0,Tools,FALSE,TRUE,TRUE
20312334,0,Tools,FALSE,TRUE,TRUE
20224109,0,Social,FALSE,TRUE,TRUE
19663278,0,Entertainment,FALSE,TRUE,TRUE
19616804,0,Music & Audio,FALSE,TRUE,TRUE
19586109,0,Entertainment,FALSE,TRUE,TRUE
19429902,0,Personalization,FALSE,TRUE,TRUE
19404611,0,Shopping,FALSE,TRUE,TRUE
19279800,0,Music & Audio,FALSE,TRUE,TRUE
18898858,0,News & Magazines,FALSE,TRUE,TRUE
18823929,0,Arcade,FALSE,TRUE,TRUE
18816321,0,News & Magazines,FALSE,TRUE,TRUE
18749973,0,Tools,FALSE,TRUE,TRUE
18724713,0,Tools,FALSE,TRUE,TRUE
18473892,0,Educational,FALSE,TRUE,TRUE
18338574,0,Health & Fitness,FALSE,TRUE,TRUE
18191939,0,Tools,FALSE,TRUE,TRUE
18091878,0,Travel & Local,FALSE,TRUE,TRUE
18078640,0,Tools,FALSE,TRUE,TRUE
17983289,0,Travel & Local,FALSE,TRUE,TRUE
17867170,0,Racing,FALSE,TRUE,TRUE
17641086,0,Personalization,FALSE,TRUE,TRUE
17620229,0,Tools,FALSE,TRUE,TRUE
17423637,0,Tools,FALSE,TRUE,TRUE
17420496,0,Entertainment,FALSE,TRUE,TRUE
17289657,0,Strategy,FALSE,TRUE,TRUE
17166958,0,Social,FALSE,TRUE,TRUE
16878378,0,Tools,FALSE,TRUE,TRUE
16757389,0,Card,FALSE,TRUE,TRUE
16686423,0,Puzzle,FALSE,TRUE,TRUE
16679341,0,Photography,FALSE,TRUE,TRUE
16488467,0,Tools,FALSE,TRUE,TRUE
16283644,0,Tools,FALSE,TRUE,TRUE
15925895,0,Entertainment,FALSE,TRUE,TRUE
15810739,0,Entertainment,FALSE,TRUE,TRUE
15797731,0,Racing,FALSE,TRUE,TRUE
15684695,0,Travel & Local,FALSE,TRUE,TRUE
15458202,0,Action,FALSE,TRUE,TRUE
15245840,0,Personalization,FALSE,TRUE,TRUE
15224373,0,Tools,FALSE,TRUE,TRUE
15046300,0,Travel & Local,FALSE,TRUE,TRUE
14899891,0,Entertainment,FALSE,TRUE,TRUE
14847890,0,Casual,FALSE,TRUE,TRUE
14846619,0,Personalization,FALSE,TRUE,TRUE
14643205,0,Racing,FALSE,TRUE,TRUE
14434053,0,Arcade,FALSE,TRUE,TRUE
14356936,0,Arcade,FALSE,TRUE,TRUE
14242242,0,Shopping,FALSE,TRUE,TRUE
14073572,0,Communication,FALSE,TRUE,TRUE
13963375,0,Racing,FALSE,TRUE,TRUE
13926775,0,Music & Audio,FALSE,TRUE,TRUE
13821447,0,Travel & Local,FALSE,TRUE,TRUE
13809982,0,Tools,FALSE,TRUE,TRUE
13741059,0,Comics,FALSE,TRUE,TRUE
13655117,0,Casual,FALSE,TRUE,TRUE
13621176,0,Productivity,FALSE,TRUE,TRUE
13611561,0,Action,FALSE,TRUE,TRUE
13513315,0,Casual,FALSE,TRUE,TRUE
13507117,0,Video Players & Editors,FALSE,TRUE,TRUE
13375870,0,Personalization,FALSE,TRUE,TRUE
13318969,0,Racing,FALSE,TRUE,TRUE
13251359,0,Puzzle,FALSE,TRUE,TRUE
13097663,0,Lifestyle,FALSE,TRUE,TRUE
13078840,0,Tools,FALSE,TRUE,TRUE
13017812,0,Communication,FALSE,TRUE,TRUE
12978211,0,Photography,FALSE,TRUE,TRUE
12924214,0,Casual,FALSE,TRUE,TRUE
12789131,0,News & Magazines,FALSE,TRUE,TRUE
12753353,0,Shopping,FALSE,TRUE,TRUE
12724580,0,News & Magazines,FALSE,TRUE,TRUE
12523646,0,Sports,FALSE,TRUE,TRUE
12516065,0,Tools,FALSE,TRUE,TRUE
12496589,0,Tools,FALSE,TRUE,TRUE
12342986,0,Entertainment,FALSE,TRUE,TRUE
12278470,0,Entertainment,FALSE,TRUE,TRUE
11962277,0,Tools,FALSE,TRUE,TRUE
11751589,0,Casual,FALSE,TRUE,TRUE
11697336,0,Music & Audio,FALSE,TRUE,TRUE
11594622,0,Personalization,FALSE,TRUE,TRUE
11567515,0,Music & Audio,FALSE,TRUE,TRUE
11560926,0,Action,FALSE,TRUE,TRUE
11529643,0,Photography,FALSE,TRUE,TRUE
11498491,0,Simulation,FALSE,TRUE,TRUE
11498275,0,Music & Audio,FALSE,TRUE,TRUE
11497803,0,Simulation,FALSE,TRUE,TRUE
11476021,0,News & Magazines,FALSE,TRUE,TRUE
11429459,0,Sports,FALSE,TRUE,TRUE
11409775,0,Music & Audio,FALSE,TRUE,TRUE
11404742,0,Shopping,FALSE,TRUE,TRUE
11389819,0,Travel & Local,FALSE,TRUE,TRUE
11335777,0,Productivity,FALSE,TRUE,TRUE
11265390,0,Music & Audio,FALSE,TRUE,TRUE
11261169,0,Adventure,FALSE,TRUE,TRUE
11243818,0,Action,FALSE,TRUE,TRUE
11240570,0,Photography,FALSE,TRUE,TRUE
11090139,0,Casual,FALSE,TRUE,TRUE
11029996,0,Casual,FALSE,TRUE,TRUE
10994497,0,Casual,FALSE,TRUE,TRUE
10805606,0,Personalization,FALSE,TRUE,TRUE
10797985,0,Tools,FALSE,TRUE,TRUE
10789662,0,Photography,FALSE,TRUE,TRUE
10691701,0,Racing,FALSE,TRUE,TRUE
10671820,0,Adventure,FALSE,TRUE,TRUE
10605992,0,Casual,FALSE,TRUE,TRUE
10590050,0,Finance,FALSE,TRUE,TRUE
10459923,0,Tools,FALSE,TRUE,TRUE
10267925,0,Entertainment,FALSE,TRUE,TRUE
10193187,0,Tools,FALSE,TRUE,TRUE
10184330,0,Tools,FALSE,TRUE,TRUE
10172946,0,Tools,FALSE,TRUE,TRUE
10147515,0,Tools,FALSE,TRUE,TRUE
10069361,0,Photography,FALSE,TRUE,TRUE
10032492,0,News & Magazines,FALSE,TRUE,TRUE
10006881,0,Tools,FALSE,TRUE,TRUE
9982988,0,Arcade,FALSE,TRUE,TRUE
9954719,0,Video Players & Editors,FALSE,TRUE,TRUE
9864485,0,Racing,FALSE,TRUE,TRUE
9863799,0,News & Magazines,FALSE,TRUE,TRUE
9845081,0,Photography,FALSE,TRUE,TRUE
9840029,0,Tools,FALSE,TRUE,TRUE
9810898,0,Tools,FALSE,TRUE,TRUE
9771737,0,House & Home,FALSE,TRUE,TRUE
9722355,0,Racing,FALSE,TRUE,TRUE
9719284,0,Card,FALSE,TRUE,TRUE
9641881,0,Action,FALSE,TRUE,TRUE
9622536,0,Productivity,FALSE,TRUE,TRUE
9585626,0,Racing,FALSE,TRUE,TRUE
9543071,0,Social,FALSE,TRUE,TRUE
9497016,0,Travel & Local,FALSE,TRUE,TRUE
9428088,0,Card,FALSE,TRUE,TRUE
9422337,0,Art & Design,FALSE,TRUE,TRUE
9384070,0,Tools,FALSE,TRUE,TRUE
9359062,0,Music & Audio,FALSE,TRUE,TRUE
9337088,0,Books & Reference,FALSE,TRUE,TRUE
9300024,0,Action,FALSE,TRUE,TRUE
9296821,0,Casual,FALSE,TRUE,TRUE
9251047,0,Video Players & Editors,FALSE,TRUE,TRUE
9241422,0,Casual,FALSE,TRUE,TRUE
9240875,0,Travel & Local,FALSE,TRUE,TRUE
9199543,0,Action,FALSE,TRUE,TRUE
9182014,0,News & Magazines,FALSE,TRUE,TRUE
9161434,0,Communication,FALSE,TRUE,TRUE
9120598,0,Entertainment,FALSE,TRUE,TRUE
9102364,0,Education,FALSE,TRUE,TRUE
9097882,0,Adventure,FALSE,TRUE,TRUE
8997744,0,Tools,FALSE,TRUE,TRUE
8967934,0,Puzzle,FALSE,TRUE,TRUE
8950029,0,Social,FALSE,TRUE,TRUE
8925697,0,Tools,FALSE,TRUE,TRUE
8849599,0,Finance,FALSE,TRUE,TRUE
8798395,0,Personalization,FALSE,TRUE,TRUE
8748655,0,Personalization,FALSE,TRUE,TRUE
8745927,0,Action,FALSE,TRUE,TRUE
8743901,0,Personalization,FALSE,TRUE,TRUE
8736339,0,Tools,FALSE,TRUE,TRUE
8611308,0,Casual,FALSE,TRUE,TRUE
8602627,0,Entertainment,FALSE,TRUE,TRUE
8597517,0,Educational,FALSE,TRUE,TRUE
8568337,0,Photography,FALSE,TRUE,TRUE
8544259,0,Strategy,FALSE,TRUE,TRUE
8540179,0,Casual,FALSE,TRUE,TRUE
8526541,0,Action,FALSE,TRUE,TRUE
8454205,0,Maps & Navigation,FALSE,TRUE,TRUE
8432366,0,Action,FALSE,TRUE,TRUE
8415757,0,Tools,FALSE,TRUE,TRUE
8412219,0,Casual,FALSE,TRUE,TRUE
8339304,0,Tools,FALSE,TRUE,TRUE
8336656,0,Tools,FALSE,TRUE,TRUE
8306270,0,Arcade,FALSE,TRUE,TRUE
8297047,0,Entertainment,FALSE,TRUE,TRUE
8269653,0,Personalization,FALSE,TRUE,TRUE
8198634,0,Health & Fitness,FALSE,TRUE,TRUE
8173304,0,Travel & Local,FALSE,TRUE,TRUE
8160402,0,Tools,FALSE,TRUE,TRUE
8156368,0,Photography,FALSE,TRUE,TRUE
8145773,0,Tools,FALSE,TRUE,TRUE
8119015,0,Shopping,FALSE,TRUE,TRUE
8104124,0,Tools,FALSE,TRUE,TRUE
8091371,0,Maps & Navigation,FALSE,TRUE,TRUE
8054276,0,Tools,FALSE,TRUE,TRUE
8038073,0,Simulation,FALSE,TRUE,TRUE
8018665,0,Casual,FALSE,TRUE,TRUE
7954005,0,Arcade,FALSE,TRUE,TRUE
7947898,0,Tools,FALSE,TRUE,TRUE
7930148,0,Photography,FALSE,TRUE,TRUE
7928224,0,Travel & Local,FALSE,TRUE,TRUE
7858645,0,Trivia,FALSE,TRUE,TRUE
7856078,0,Entertainment,FALSE,TRUE,TRUE
7834084,0,Video Players & Editors,FALSE,TRUE,TRUE
7777894,0,Photography,FALSE,TRUE,TRUE
7758966,0,Communication,FALSE,TRUE,TRUE
7724948,0,Role Playing,FALSE,TRUE,TRUE
7720778,0,Puzzle,FALSE,TRUE,TRUE
7698026,0,News & Magazines,FALSE,TRUE,TRUE
7690796,0,Puzzle,FALSE,TRUE,TRUE
7685314,0,Action,FALSE,TRUE,TRUE
7673146,0,Simulation,FALSE,TRUE,TRUE
7663559,0,Personalization,FALSE,TRUE,TRUE
7653842,0,Board,FALSE,TRUE,TRUE
7632604,0,Simulation,FALSE,TRUE,TRUE
7623503,0,Tools,FALSE,TRUE,TRUE
7621174,0,Casual,FALSE,TRUE,TRUE
7602173,0,Action,FALSE,TRUE,TRUE
7601812,0,Photography,FALSE,TRUE,TRUE
7565892,0,Casual,FALSE,TRUE,TRUE
7561638,0,Sports,FALSE,TRUE,TRUE
7553120,0,Arcade,FALSE,TRUE,TRUE
7542825,0,Photography,FALSE,TRUE,TRUE
7531262,0,Casual,FALSE,TRUE,TRUE
7517837,0,Tools,FALSE,TRUE,TRUE
7480176,0,Simulation,FALSE,TRUE,TRUE
7472824,0,Communication,FALSE,TRUE,TRUE
7464291,0,Music & Audio,FALSE,TRUE,TRUE
7428276,0,Simulation,FALSE,TRUE,TRUE
7426094,0,Entertainment,FALSE,TRUE,TRUE
7423524,0,Social,FALSE,TRUE,TRUE
7419578,0,Simulation,FALSE,TRUE,TRUE
7405025,0,Action,FALSE,TRUE,TRUE
7401693,0,Shopping,FALSE,TRUE,TRUE
7401263,0,Racing,FALSE,TRUE,TRUE
7391581,0,Simulation,FALSE,TRUE,TRUE
7390753,0,Communication,FALSE,TRUE,TRUE
7368045,0,Weather,FALSE,TRUE,TRUE
7354574,0,Racing,FALSE,TRUE,TRUE
7343563,0,Board,FALSE,TRUE,TRUE
7321355,0,Parenting,FALSE,TRUE,TRUE
7312533,0,Entertainment,FALSE,TRUE,TRUE
7302772,0,Racing,FALSE,TRUE,TRUE
79610806,191803772.2,Entertainment,FALSE,TRUE,TRUE
12035080,22999549.38,Entertainment,FALSE,TRUE,TRUE
26896929,12091493.34,Utilities,FALSE,TRUE,TRUE
27821999,11515327.06,Music,FALSE,TRUE,TRUE
8294462,10928968.38,Entertainment,FALSE,TRUE,TRUE
9791180,8372056.33,Entertainment,FALSE,TRUE,TRUE
34724966,6587031.64,Utilities,FALSE,TRUE,TRUE
7695792,6423301.76,Social Networking,FALSE,TRUE,TRUE
9136904,6021477.95,Entertainment,FALSE,TRUE,TRUE
8846836,3195917.36,Social Networking,FALSE,TRUE,TRUE
16794887,2708560.95,Entertainment,FALSE,TRUE,TRUE
16461033,422569.02,News,FALSE,TRUE,TRUE
11657700,38630.52,Productivity,FALSE,TRUE,TRUE
11450787,8474.86,Education,FALSE,TRUE,TRUE
37286674,7945.96,Photo & Video,FALSE,TRUE,TRUE
7886565,4045.58,Weather,FALSE,TRUE,TRUE
17763705,2473.3,Utilities,FALSE,TRUE,TRUE
20135132,2300.81,Utilities,FALSE,TRUE,TRUE
20724336,646.79,Travel,FALSE,TRUE,TRUE
12798619,294.51,Business,FALSE,TRUE,TRUE
15934855,153.44,Finance,FALSE,TRUE,TRUE
39983740,0,Shopping,FALSE,TRUE,TRUE
39787736,0,Shopping,FALSE,TRUE,TRUE
38308651,0,Travel,FALSE,TRUE,TRUE
35865675,0,Lifestyle,FALSE,TRUE,TRUE
34575608,0,Utilities,FALSE,TRUE,TRUE
33011769,0,Navigation,FALSE,TRUE,TRUE
31073820,0,Photo & Video,FALSE,TRUE,TRUE
25985792,0,Food & Drink,FALSE,TRUE,TRUE
25115946,0,Utilities,FALSE,TRUE,TRUE
21356072,0,Travel,FALSE,TRUE,TRUE
17199399,0,Shopping,FALSE,TRUE,TRUE
16674617,0,Finance,FALSE,TRUE,TRUE
16602860,0,Navigation,FALSE,TRUE,TRUE
16453684,0,Shopping,FALSE,TRUE,TRUE
15853149,0,Finance,FALSE,TRUE,TRUE
15258222,0,Shopping,FALSE,TRUE,TRUE
14655506,0,Food & Drink,FALSE,TRUE,TRUE
13682488,0,Lifestyle,FALSE,TRUE,TRUE
13463289,0,Travel,FALSE,TRUE,TRUE
13272372,0,Social Networking,FALSE,TRUE,TRUE
12898946,0,Utilities,FALSE,TRUE,TRUE
12129837,0,Finance,FALSE,TRUE,TRUE
11840097,0,Finance,FALSE,TRUE,TRUE
11836642,0,Shopping,FALSE,TRUE,TRUE
11744548,0,Lifestyle,FALSE,TRUE,TRUE
11131137,0,Lifestyle,FALSE,TRUE,TRUE
11007078,0,Business,FALSE,TRUE,TRUE
10487552,0,Utilities,FALSE,TRUE,TRUE
10042544,0,Finance,FALSE,TRUE,TRUE
10040956,0,Lifestyle,FALSE,TRUE,TRUE
9943048,0,Utilities,FALSE,TRUE,TRUE
9861424,0,Reference,FALSE,TRUE,TRUE
9570423,0,Shopping,FALSE,TRUE,TRUE
9524228,0,Finance,FALSE,TRUE,TRUE
9366632,0,Casual,FALSE,TRUE,TRUE
9100493,0,Finance,FALSE,TRUE,TRUE
9081223,0,Travel,FALSE,TRUE,TRUE
8549663,0,Finance,FALSE,TRUE,TRUE
8273549,0,Music,FALSE,TRUE,TRUE
7905255,0,Utilities,FALSE,TRUE,TRUE
7444443,0,Food & Drink,FALSE,TRUE,TRUE
199335887,0,Maps & Navigation,FALSE,FALSE,TRUE
139435673,0,Entertainment,FALSE,FALSE,TRUE
130387473,0,Shopping,FALSE,FALSE,TRUE
126348058,0,Tools,FALSE,FALSE,TRUE
104288674,0,Shopping,FALSE,FALSE,TRUE
96052430,0,Photography,FALSE,FALSE,TRUE
85681322,0,Communication,FALSE,FALSE,TRUE
75739469,0,Productivity,FALSE,FALSE,TRUE
71322949,0,Entertainment,FALSE,FALSE,TRUE
69005641,0,Communication,FALSE,FALSE,TRUE
64796609,0,Finance,FALSE,FALSE,TRUE
64602246,0,Communication,FALSE,FALSE,TRUE
56220628,0,Photography,FALSE,FALSE,TRUE
54570936,0,Photography,FALSE,FALSE,TRUE
53584957,0,Tools,FALSE,FALSE,TRUE
51692366,0,Productivity,FALSE,FALSE,TRUE
48771799,0,Maps & Navigation,FALSE,FALSE,TRUE
48361787,0,Video Players & Editors,FALSE,FALSE,TRUE
46900131,0,Photography,FALSE,FALSE,TRUE
46309123,0,Travel & Local,FALSE,FALSE,TRUE
43809149,0,Productivity,FALSE,FALSE,TRUE
43075239,0,Travel & Local,FALSE,FALSE,TRUE
43021940,0,Communication,FALSE,FALSE,TRUE
39983524,0,Travel & Local,FALSE,FALSE,TRUE
37346133,0,Shopping,FALSE,FALSE,TRUE
36490569,0,Tools,FALSE,FALSE,TRUE
35955777,0,Lifestyle,FALSE,FALSE,TRUE
35279908,0,Music & Audio,FALSE,FALSE,TRUE
34851790,0,Shopping,FALSE,FALSE,TRUE
34661932,0,Food & Drink,FALSE,FALSE,TRUE
33206221,0,Social,FALSE,FALSE,TRUE
32609687,0,Finance,FALSE,FALSE,TRUE
31472289,0,Finance,FALSE,FALSE,TRUE
31295664,0,Shopping,FALSE,FALSE,TRUE
30902678,0,Travel & Local,FALSE,FALSE,TRUE
29824562,0,Tools,FALSE,FALSE,TRUE
29438610,0,Finance,FALSE,FALSE,TRUE
29256028,0,Photography,FALSE,FALSE,TRUE
28359469,0,Travel & Local,FALSE,FALSE,TRUE
28253633,0,Finance,FALSE,FALSE,TRUE
27814418,0,Shopping,FALSE,FALSE,TRUE
27290603,0,Communication,FALSE,FALSE,TRUE
26816087,0,Productivity,FALSE,FALSE,TRUE
25706184,0,Books & Reference,FALSE,FALSE,TRUE
25395556,0,Shopping,FALSE,FALSE,TRUE
25352662,0,Productivity,FALSE,FALSE,TRUE
25299621,0,Arcade,FALSE,FALSE,TRUE
25297613,0,Maps & Navigation,FALSE,FALSE,TRUE
24969323,0,Communication,FALSE,FALSE,TRUE
24541452,0,Finance,FALSE,FALSE,TRUE
23710935,0,Productivity,FALSE,FALSE,TRUE
23443442,0,Business,FALSE,FALSE,TRUE
23355855,0,Social,FALSE,FALSE,TRUE
23270207,0,Communication,FALSE,FALSE,TRUE
22432637,0,Video Players & Editors,FALSE,FALSE,TRUE
22334692,0,Books & Reference,FALSE,FALSE,TRUE
22031652,0,Tools,FALSE,FALSE,TRUE
21712501,0,Personalization,FALSE,FALSE,TRUE
20649924,0,Health & Fitness,FALSE,FALSE,TRUE
20637535,0,Tools,FALSE,FALSE,TRUE
20527020,0,Photography,FALSE,FALSE,TRUE
20119400,0,Maps & Navigation,FALSE,FALSE,TRUE
20022649,0,Shopping,FALSE,FALSE,TRUE
20013306,0,Entertainment,FALSE,FALSE,TRUE
19954479,0,Shopping,FALSE,FALSE,TRUE
19818295,0,Social,FALSE,FALSE,TRUE
19126215,0,Tools,FALSE,FALSE,TRUE
19023166,0,Health & Fitness,FALSE,FALSE,TRUE
18445608,0,Travel & Local,FALSE,FALSE,TRUE
18070400,0,Video Players & Editors,FALSE,FALSE,TRUE
17954952,0,Shopping,FALSE,FALSE,TRUE
17735529,0,Books & Reference,FALSE,FALSE,TRUE
17731134,0,Maps & Navigation,FALSE,FALSE,TRUE
17677486,0,Shopping,FALSE,FALSE,TRUE
17300722,0,Shopping,FALSE,FALSE,TRUE
17161011,0,Role Playing,FALSE,FALSE,TRUE
17044669,0,Shopping,FALSE,FALSE,TRUE
16820008,0,Entertainment,FALSE,FALSE,TRUE
16519930,0,Personalization,FALSE,FALSE,TRUE
16353626,0,Photography,FALSE,FALSE,TRUE
15819168,0,Shopping,FALSE,FALSE,TRUE
15601644,0,Shopping,FALSE,FALSE,TRUE
15451778,0,Communication,FALSE,FALSE,TRUE
15099362,0,Communication,FALSE,FALSE,TRUE
15002424,0,Music & Audio,FALSE,FALSE,TRUE
14783879,0,Communication,FALSE,FALSE,TRUE
14752728,0,Finance,FALSE,FALSE,TRUE
14676023,0,Food & Drink,FALSE,FALSE,TRUE
14451265,0,Photography,FALSE,FALSE,TRUE
14198560,0,Productivity,FALSE,FALSE,TRUE
14180757,0,Travel & Local,FALSE,FALSE,TRUE
14161688,0,Entertainment,FALSE,FALSE,TRUE
13842315,0,Action,FALSE,FALSE,TRUE
13795824,0,Tools,FALSE,FALSE,TRUE
13700653,0,Lifestyle,FALSE,FALSE,TRUE
13635253,0,Video Players & Editors,FALSE,FALSE,TRUE
13491809,0,Shopping,FALSE,FALSE,TRUE
13148285,0,Business,FALSE,FALSE,TRUE
13131955,0,Racing,FALSE,FALSE,TRUE
13064191,0,Personalization,FALSE,FALSE,TRUE
12778252,0,Maps & Navigation,FALSE,FALSE,TRUE
12769266,0,Productivity,FALSE,FALSE,TRUE
12491617,0,Finance,FALSE,FALSE,TRUE
12469424,0,Travel & Local,FALSE,FALSE,TRUE
12445618,0,Travel & Local,FALSE,FALSE,TRUE
12400722,0,Business,FALSE,FALSE,TRUE
12392040,0,Productivity,FALSE,FALSE,TRUE
12366387,0,Sports,FALSE,FALSE,TRUE
12364946,0,Productivity,FALSE,FALSE,TRUE
12220291,0,Finance,FALSE,FALSE,TRUE
12189371,0,Music & Audio,FALSE,FALSE,TRUE
12156717,0,Food & Drink,FALSE,FALSE,TRUE
12137082,0,Productivity,FALSE,FALSE,TRUE
12078801,0,Video Players & Editors,FALSE,FALSE,TRUE
12036204,0,Social,FALSE,FALSE,TRUE
11854258,0,Shopping,FALSE,FALSE,TRUE
11760907,0,Travel & Local,FALSE,FALSE,TRUE
11718856,0,Lifestyle,FALSE,FALSE,TRUE
11654943,0,Social,FALSE,FALSE,TRUE
11423345,0,Books & Reference,FALSE,FALSE,TRUE
11391223,0,Video Players & Editors,FALSE,FALSE,TRUE
11353412,0,Finance,FALSE,FALSE,TRUE
11323321,0,Education,FALSE,FALSE,TRUE
11226735,0,Maps & Navigation,FALSE,FALSE,TRUE
11158482,0,Tools,FALSE,FALSE,TRUE
11110303,0,Shopping,FALSE,FALSE,TRUE
11095653,0,Arcade,FALSE,FALSE,TRUE
11069536,0,Shopping,FALSE,FALSE,TRUE
11059519,0,Finance,FALSE,FALSE,TRUE
10969364,0,Video Players & Editors,FALSE,FALSE,TRUE
10964243,0,Video Players & Editors,FALSE,FALSE,TRUE
10963582,0,Tools,FALSE,FALSE,TRUE
10958258,0,Tools,FALSE,FALSE,TRUE
10954311,0,Education,FALSE,FALSE,TRUE
10551694,0,Social,FALSE,FALSE,TRUE
10448253,0,Maps & Navigation,FALSE,FALSE,TRUE
10400196,0,Personalization,FALSE,FALSE,TRUE
10388190,0,Tools,FALSE,FALSE,TRUE
10364440,0,Tools,FALSE,FALSE,TRUE
10272892,0,Shopping,FALSE,FALSE,TRUE
10205618,0,Photography,FALSE,FALSE,TRUE
10131208,0,Tools,FALSE,FALSE,TRUE
10095578,0,Travel & Local,FALSE,FALSE,TRUE
9891414,0,Shopping,FALSE,FALSE,TRUE
9755423,0,Shopping,FALSE,FALSE,TRUE
9750298,0,Tools,FALSE,FALSE,TRUE
9732858,0,Tools,FALSE,FALSE,TRUE
9718212,0,Tools,FALSE,FALSE,TRUE
9704610,0,Business,FALSE,FALSE,TRUE
9664737,0,Social,FALSE,FALSE,TRUE
9506157,0,Finance,FALSE,FALSE,TRUE
9465521,0,Tools,FALSE,FALSE,TRUE
9462621,0,Travel & Local,FALSE,FALSE,TRUE
9412933,0,Finance,FALSE,FALSE,TRUE
9374767,0,Shopping,FALSE,FALSE,TRUE
9348895,0,Finance,FALSE,FALSE,TRUE
9320627,0,Tools,FALSE,FALSE,TRUE
9312363,0,Photography,FALSE,FALSE,TRUE
9256122,0,Action,FALSE,FALSE,TRUE
9192315,0,Arcade,FALSE,FALSE,TRUE
9167923,0,Productivity,FALSE,FALSE,TRUE
9086415,0,Action,FALSE,FALSE,TRUE
9072013,0,Finance,FALSE,FALSE,TRUE
9028601,0,Tools,FALSE,FALSE,TRUE
9021614,0,Finance,FALSE,FALSE,TRUE
8975098,0,Action,FALSE,FALSE,TRUE
8968528,0,Social,FALSE,FALSE,TRUE
8904341,0,Communication,FALSE,FALSE,TRUE
8890142,0,Finance,FALSE,FALSE,TRUE
8863351,0,Productivity,FALSE,FALSE,TRUE
8818734,0,Communication,FALSE,FALSE,TRUE
8680478,0,Tools,FALSE,FALSE,TRUE
8631962,0,Shopping,FALSE,FALSE,TRUE
8598687,0,Business,FALSE,FALSE,TRUE
8590345,0,Shopping,FALSE,FALSE,TRUE
8589997,0,Shopping,FALSE,FALSE,TRUE
8567519,0,Health & Fitness,FALSE,FALSE,TRUE
8549829,0,Strategy,FALSE,FALSE,TRUE
8478715,0,Finance,FALSE,FALSE,TRUE
8354965,0,Tools,FALSE,FALSE,TRUE
8352579,0,Finance,FALSE,FALSE,TRUE
8306156,0,Food & Drink,FALSE,FALSE,TRUE
8294247,0,Photography,FALSE,FALSE,TRUE
8224410,0,Tools,FALSE,FALSE,TRUE
8219322,0,Shopping,FALSE,FALSE,TRUE
8190985,0,Libraries & Demo,FALSE,FALSE,TRUE
8180026,0,Tools,FALSE,FALSE,TRUE
8128671,0,Adventure,FALSE,FALSE,TRUE
8095811,0,Photography,FALSE,FALSE,TRUE
8028965,0,Finance,FALSE,FALSE,TRUE
7994302,0,Finance,FALSE,FALSE,TRUE
7932573,0,Tools,FALSE,FALSE,TRUE
7845229,0,Tools,FALSE,FALSE,TRUE
7841656,0,Auto & Vehicles,FALSE,FALSE,TRUE
7807911,0,Travel & Local,FALSE,FALSE,TRUE
7803438,0,Action,FALSE,FALSE,TRUE
7793907,0,Food & Drink,FALSE,FALSE,TRUE
7757928,0,Tools,FALSE,FALSE,TRUE
7660220,0,Finance,FALSE,FALSE,TRUE
7641060,0,Music,FALSE,FALSE,TRUE
7620910,0,Entertainment,FALSE,FALSE,TRUE
7547880,0,Shopping,FALSE,FALSE,TRUE
7544284,0,Productivity,FALSE,FALSE,TRUE
7517461,0,Finance,FALSE,FALSE,TRUE
7371387,0,Tools,FALSE,FALSE,TRUE
7305742,0,Finance,FALSE,FALSE,TRUE
7861170,423368.11,Entertainment,FALSE,FALSE,FALSE
